<?xml version="1.0" encoding="utf-8" standalone="yes"?>
<rss version="2.0" xmlns:atom="http://www.w3.org/2005/Atom">
  <channel>
    <title>Readings on MIT OpenCourseWare</title>
    <link>/resources/readings/</link>
    <description>Recent content in Readings on MIT OpenCourseWare</description>
    <generator>Hugo -- gohugo.io</generator>
    <language>en-us</language><atom:link href="/resources/readings/index.xml" rel="self" type="application/rss+xml" />
    <item>
      <title>Presenting Business Opportunities</title>
      <link>/resources/mit2_96f12_read01/data.json</link>
      <pubDate>Mon, 01 Jan 0001 00:00:00 +0000</pubDate>
      
      <guid>/resources/mit2_96f12_read01/data.json</guid>
      <description>This resource contains information regarding presenting business opportunities.</description>
    </item>
    
    <item>
      <title>Readings</title>
      <link>/pages/readings/data.json</link>
      <pubDate>Mon, 01 Jan 0001 00:00:00 +0000</pubDate>
      
      <guid>/pages/readings/data.json</guid>
      <description>LEC # CASE/LECTURE TOPICS READINGS 1 Introduction and Group Assignment None 2 Business Plan I Hart, Myra M., Michael J. Roberts, et al. &amp;ldquo;Zipcar: Refining the Business Model.&amp;rdquo; Harvard Business School Case. Harvard Business School Publishing. Case: 803096-PDF-ENG, 2003.
Steenburgh, Thomas, Jill Avery, et al. &amp;ldquo;HubSpot: Inbound Marketing and Web 2.0.&amp;rdquo; Harvard Business School Case. Harvard Business School Publishing. Case: 509049-PDF-ENG, 2009.
3 Financial I Lynch, Merrill. &amp;ldquo;Understanding Financial Reports.</description>
    </item>
    
  </channel>
</rss>
