<?xml version="1.0" encoding="utf-8" standalone="yes"?>
<rss version="2.0" xmlns:atom="http://www.w3.org/2005/Atom">
  <channel>
    <title>Assignments on MIT OpenCourseWare</title>
    <link>/resources/assignments/</link>
    <description>Recent content in Assignments on MIT OpenCourseWare</description>
    <generator>Hugo -- gohugo.io</generator>
    <language>en-us</language><atom:link href="/resources/assignments/index.xml" rel="self" type="application/rss+xml" />
    <item>
      <title>2.96, Problem Set Question 1</title>
      <link>/resources/mit2_96f12_psetq01/data.json</link>
      <pubDate>Mon, 01 Jan 0001 00:00:00 +0000</pubDate>
      
      <guid>/resources/mit2_96f12_psetq01/data.json</guid>
      <description>This resource contains information regarding problem set question 1.</description>
    </item>
    
    <item>
      <title>2.96, Problem Set Solution 1</title>
      <link>/resources/mit2_96f12_psets01/data.json</link>
      <pubDate>Mon, 01 Jan 0001 00:00:00 +0000</pubDate>
      
      <guid>/resources/mit2_96f12_psets01/data.json</guid>
      <description>This resource contains information regarding problem set solution 1.</description>
    </item>
    
    <item>
      <title>Assignments</title>
      <link>/pages/assignments/data.json</link>
      <pubDate>Mon, 01 Jan 0001 00:00:00 +0000</pubDate>
      
      <guid>/pages/assignments/data.json</guid>
      <description>LEC # CASE/LECTURE TOPICS ASSIGNMENTS 1 Introduction and Group Assignment None 2 Business Plan I None 3 Financials I Problem Set 1 Question (PDF)
Problem Set 1 Solution (PDF)
4 Sales and Marketing I None 5 Financials II None 6 Sales and Marketing II Ratio Analysis Group (PDF)
Prelude Case Study &amp;amp; Questions: [Complete &amp;ldquo;Prelude Corporation&amp;rdquo; Reading first]
Answer the following questions. Your answer for each question should not exceed one paragraph.</description>
    </item>
    
    <item>
      <title>HP Printer Case Study &amp; Questions</title>
      <link>/resources/mit2_96f12_assn03/data.json</link>
      <pubDate>Mon, 01 Jan 0001 00:00:00 +0000</pubDate>
      
      <guid>/resources/mit2_96f12_assn03/data.json</guid>
      <description>This resource contains information regarding HP printer case study &amp;amp; questions.</description>
    </item>
    
    <item>
      <title>Presenting Business Opportunities</title>
      <link>/resources/mit2_96f12_assn02/data.json</link>
      <pubDate>Mon, 01 Jan 0001 00:00:00 +0000</pubDate>
      
      <guid>/resources/mit2_96f12_assn02/data.json</guid>
      <description>This resource contains information regarding presenting business opportunities.</description>
    </item>
    
    <item>
      <title>Ratio Analysis Group Assignment</title>
      <link>/resources/mit2_96f12_assn01/data.json</link>
      <pubDate>Mon, 01 Jan 0001 00:00:00 +0000</pubDate>
      
      <guid>/resources/mit2_96f12_assn01/data.json</guid>
      <description>This resource contains information regarding ratio analysis group assignment.</description>
    </item>
    
    <item>
      <title>Ratio Analysis Group Assignment</title>
      <link>/resources/mit2_96f12_assn06/data.json</link>
      <pubDate>Mon, 01 Jan 0001 00:00:00 +0000</pubDate>
      
      <guid>/resources/mit2_96f12_assn06/data.json</guid>
      <description>This resource contains information regarding ratio analysis group assignment.</description>
    </item>
    
    <item>
      <title>Self-Unloader Dry Bulk Ships Case Study &amp; Questions</title>
      <link>/resources/mit2_96f12_assn04/data.json</link>
      <pubDate>Mon, 01 Jan 0001 00:00:00 +0000</pubDate>
      
      <guid>/resources/mit2_96f12_assn04/data.json</guid>
      <description>This resource contains information regarding self-unloader.</description>
    </item>
    
    <item>
      <title>SUL Case Study</title>
      <link>/resources/mit2_96f12_assn05/data.json</link>
      <pubDate>Mon, 01 Jan 0001 00:00:00 +0000</pubDate>
      
      <guid>/resources/mit2_96f12_assn05/data.json</guid>
      <description>This resource contains information regarding SUL case study.</description>
    </item>
    
  </channel>
</rss>
