{
  "title":"2-96f12.jpg",
  "description": "Stage-Gate process diagram highlighting a project management technique in which a project is divided into stages or phases that are separated by gates. Figure by Professor Jung-Hoon Chun.",
  "file": "/courses/2-96-management-in-engineering-fall-2012/aac891868c06653ecc96bcb25398741c_2-96f12.jpg",
  "learning_resource_types": [],
  "resource_type": "Image",
  "file_type": "image/jpeg",
  "image_metadata": {"caption":"Stage-Gate process diagram highlighting a project management technique in which a project is divided into stages or phases that are separated by gates. (Figure by Professor Jung-Hoon Chun.)","credit":"Figure by Professor Jung-Hoon Chun.","image-alt":"A diagram that shows the Stage-Gate process in which a project is divided into stages or phases that are separated by gates."}}
