<?xml version="1.0" encoding="utf-8" standalone="yes"?>
<rss version="2.0" xmlns:atom="http://www.w3.org/2005/Atom">
  <channel>
    <title>Lecture Notes on MIT OpenCourseWare</title>
    <link>/resources/lecture-notes/</link>
    <description>Recent content in Lecture Notes on MIT OpenCourseWare</description>
    <generator>Hugo -- gohugo.io</generator>
    <language>en-us</language><atom:link href="/resources/lecture-notes/index.xml" rel="self" type="application/rss+xml" />
    <item>
      <title>Financials I</title>
      <link>/resources/mit2_96f12_lec03/data.json</link>
      <pubDate>Mon, 01 Jan 0001 00:00:00 +0000</pubDate>
      
      <guid>/resources/mit2_96f12_lec03/data.json</guid>
      <description>This resource contains information regarding financials I.</description>
    </item>
    
    <item>
      <title>Financials II</title>
      <link>/resources/mit2_96f12_lec05/data.json</link>
      <pubDate>Mon, 01 Jan 0001 00:00:00 +0000</pubDate>
      
      <guid>/resources/mit2_96f12_lec05/data.json</guid>
      <description>This resource contains information regarding financials II.</description>
    </item>
    
    <item>
      <title>Financials III</title>
      <link>/resources/mit2_96f12_lec07/data.json</link>
      <pubDate>Mon, 01 Jan 0001 00:00:00 +0000</pubDate>
      
      <guid>/resources/mit2_96f12_lec07/data.json</guid>
      <description>This resource contains information regarding financials III.</description>
    </item>
    
    <item>
      <title>HP Printer Case</title>
      <link>/resources/mit2_96f12_lec19/data.json</link>
      <pubDate>Mon, 01 Jan 0001 00:00:00 +0000</pubDate>
      
      <guid>/resources/mit2_96f12_lec19/data.json</guid>
      <description>This resource contains information regarding HP printer case.</description>
    </item>
    
    <item>
      <title>Introduction</title>
      <link>/resources/mit2_96f12_lec01/data.json</link>
      <pubDate>Mon, 01 Jan 0001 00:00:00 +0000</pubDate>
      
      <guid>/resources/mit2_96f12_lec01/data.json</guid>
      <description>This resource contains information regarding introduction.</description>
    </item>
    
    <item>
      <title>Lecture Notes</title>
      <link>/pages/lecture-notes/data.json</link>
      <pubDate>Mon, 01 Jan 0001 00:00:00 +0000</pubDate>
      
      <guid>/pages/lecture-notes/data.json</guid>
      <description>Note: Selected lecture notes are provided below. Context statements and references have been provided for guest lectures.
LEC # CASE/LECTURE TOPICS LECTURE NOTES 1 Introduction and Group Assignment Introduction and Group Assignment (PDF)
Guest lecture: &amp;ldquo;The Zipcar Case Study.&amp;rdquo; Derby Management. [This lecture addresses how an entrepreneur can raise venture capital along with ideas about sales and marketing].
Guest lecture: &amp;ldquo;Hubspot Case.&amp;rdquo; Derby Management. [This lecture addresses what kind of research is required while founding a company].</description>
    </item>
    
    <item>
      <title>Strategic Planning of R&amp;D</title>
      <link>/resources/mit2_96f12_lec20/data.json</link>
      <pubDate>Mon, 01 Jan 0001 00:00:00 +0000</pubDate>
      
      <guid>/resources/mit2_96f12_lec20/data.json</guid>
      <description>This resource contains information regarding strategic planning of R&amp;amp;D.</description>
    </item>
    
  </channel>
</rss>
