{
  "title":"2-96f12-th.jpg",
  "description": "Stage-Gate process diagram highlighting a project management technique in which a project is divided into stages or phases that are separated by gates. Figure by Professor Jung-Hoon Chun.",
  "file": "/courses/2-96-management-in-engineering-fall-2012/4a6bb9981ea53edfcd67a1b1ea4bec32_2-96f12-th.jpg",
  "learning_resource_types": [],
  "resource_type": "Image",
  "file_type": "image/jpeg",
  "image_metadata": {"caption":"Stage-Gate process diagram highlighting a project management technique in which a project is divided into stages or phases that are separated by gates. (Figure by Professor Jung-Hoon Chun.)","credit":"","image-alt":"A diagram that shows the Stage-Gate process in which a project is divided into stages or phases that are separated by gates."}}
