<?xml version="1.0" encoding="utf-8" standalone="yes"?>
<rss version="2.0" xmlns:atom="http://www.w3.org/2005/Atom">
  <channel>
    <title>Exams on MIT OpenCourseWare</title>
    <link>/resources/exams/</link>
    <description>Recent content in Exams on MIT OpenCourseWare</description>
    <generator>Hugo -- gohugo.io</generator>
    <language>en-us</language><atom:link href="/resources/exams/index.xml" rel="self" type="application/rss+xml" />
    <item>
      <title>2.96, Quiz Fall 2012</title>
      <link>/resources/mit2_96f12_quiz12qs1/data.json</link>
      <pubDate>Mon, 01 Jan 0001 00:00:00 +0000</pubDate>
      
      <guid>/resources/mit2_96f12_quiz12qs1/data.json</guid>
      <description>This resource contains information regarding quiz fall 2012.</description>
    </item>
    
    <item>
      <title>2.96, Quiz Questions Fall 2011</title>
      <link>/resources/mit2_96f12_quiz11q/data.json</link>
      <pubDate>Mon, 01 Jan 0001 00:00:00 +0000</pubDate>
      
      <guid>/resources/mit2_96f12_quiz11q/data.json</guid>
      <description>This resourse contains information regarding quiz questions fall 2011.</description>
    </item>
    
    <item>
      <title>2.96, Quiz Solutions Fall 2011</title>
      <link>/resources/mit2_96f12_quiz11s/data.json</link>
      <pubDate>Mon, 01 Jan 0001 00:00:00 +0000</pubDate>
      
      <guid>/resources/mit2_96f12_quiz11s/data.json</guid>
      <description>This resourse contains information regarding quiz solutions fall 2011.</description>
    </item>
    
    <item>
      <title>Exams</title>
      <link>/pages/exams/data.json</link>
      <pubDate>Mon, 01 Jan 0001 00:00:00 +0000</pubDate>
      
      <guid>/pages/exams/data.json</guid>
      <description>This page contains quiz questions and solutions for Fall 2012. Quiz questions and solutions from Fall 2011 are also provided for review purposes.
Fall 2011 Quiz questions (PDF)
Quiz solutions (PDF)
Fall 2012 Quiz questions &amp;amp; solutions (PDF)
Reference files (Contains background calculations for quiz solutions) Balance Sheet 1 (XLSX)
Cash Flow (XLSX)
Income Statement (XLSX)
Balance Sheet 2 (XLSX)</description>
    </item>
    
    <item>
      <title>MIT2_96F12_qs2Q3BS.xlsx</title>
      <link>/resources/mit2_96f12_qs2q3bs/data.json</link>
      <pubDate>Mon, 01 Jan 0001 00:00:00 +0000</pubDate>
      
      <guid>/resources/mit2_96f12_qs2q3bs/data.json</guid>
      <description>This resource contains information regarding background calculations for quiz solutions.</description>
    </item>
    
    <item>
      <title>MIT2_96F12_qs2Q3CF.xlsx</title>
      <link>/resources/mit2_96f12_qs2q3cf/data.json</link>
      <pubDate>Mon, 01 Jan 0001 00:00:00 +0000</pubDate>
      
      <guid>/resources/mit2_96f12_qs2q3cf/data.json</guid>
      <description>This resource contains information regarding background calculations for quiz solutions.</description>
    </item>
    
    <item>
      <title>MIT2_96F12_qs2Q3IS.xlsx</title>
      <link>/resources/mit2_96f12_qs2q3is/data.json</link>
      <pubDate>Mon, 01 Jan 0001 00:00:00 +0000</pubDate>
      
      <guid>/resources/mit2_96f12_qs2q3is/data.json</guid>
      <description>This resource contains information regarding background calculations for quiz solutions.</description>
    </item>
    
    <item>
      <title>MIT2_96F12_qs2Q4.xlsx</title>
      <link>/resources/mit2_96f12_qs2q4/data.json</link>
      <pubDate>Mon, 01 Jan 0001 00:00:00 +0000</pubDate>
      
      <guid>/resources/mit2_96f12_qs2q4/data.json</guid>
      <description>This resource contains information regarding background calculations for quiz solutions.</description>
    </item>
    
  </channel>
</rss>
