{"0e1d0e2c-4e20-a482-ccff-bee2c6ae3217":"/resources/mit2_96f12_read01/data.json","1b89e961-3cb7-02cc-c546-04567974894f":"/resources/mit2_96f12_lec07/data.json","1c089e00-90e2-3bb8-e2ef-514b2ba2f49d":"/pages/readings/data.json","220aba77-e88d-af6d-315e-8bc3668a392d":"/resources/mit2_96f12_assn02/data.json","223fdaa1-fdaa-e379-8513-5fda52f3dd96":"/resources/mit2_96f12_lec20/data.json","2c74fb55-2884-1a45-66b5-a584929a389d":"/resources/mit2_96f12_qs2q3bs/data.json","41ae44f1-b02b-9df2-92b7-c25dd4a2895a":"/resources/mit2_96f12_quiz12qs1/data.json","45aeb8e6-b953-30e2-a7e1-574751706f54":"/resources/mit2_96f12_qs2q3is/data.json","4a6bb998-1ea5-3edf-cd67-a1b1ea4bec32":"/resources/2-96f12-th/data.json","53dfc697-27ef-7114-3832-c50bc3c582e0":"/resources/mit2_96f12_qs2q3cf/data.json","558e1b5d-4b0a-a751-63c3-7ffc40a81b1c":"/pages/assignments/data.json","637177fa-87e0-d5aa-2d90-5acfc155c318":"/resources/mit2_96f12_quiz11s/data.json","657ad3e7-7ebd-0bff-3cea-5f6503c59f23":"/resources/mit2_96f12_quiz11q/data.json","6b0b0e65-cbbd-7edb-2d02-e983a3582644":"/resources/mit2_96f12_assn05/data.json","7ee84421-328e-8e13-b36a-813e59e11246":"/resources/mit2_96f12_lec05/data.json","80948f4e-f7a3-fff0-cc9f-ab791ec72d61":"/resources/mit2_96f12_assn03/data.json","81684c54-6e26-cd2b-c592-f003a75aba7f":"/resources/mit2_96f12_psets01/data.json","8753f538-89b5-a434-dda0-800293b5f44a":"/pages/lecture-notes/data.json","8b7bd81f-fa7a-6681-8aec-8113559de04e":"/pages/syllabus/data.json","97df2b38-4ef1-f1f3-cfef-8298f10d59f8":"/resources/mit2_96f12_lec01/data.json","9f297cf3-1909-2252-3b39-b4edf38ff804":"/resources/mit2_96f12_assn06/data.json","aac89186-8c06-653e-cc96-bcb25398741c":"/resources/2-96f12/data.json","b36f916e-cee7-8f13-7958-baf50b648656":"/resources/mit2_96f12_lec03/data.json","c9d7f857-5f7c-e363-9770-34561f3a7b67":"/resources/mit2_96f12_assn04/data.json","ce5e6953-b2d6-0120-9ea0-0ffd7797cfc3":"/resources/mit2_96f12_psetq01/data.json","de0ae049-ec78-229e-eea8-2bd049366618":"/resources/mit2_96f12_lec19/data.json","e7a8cf4a-9c43-5798-c681-964c5ae71048":"/resources/mit2_96f12_qs2q4/data.json","ea04dae6-8d49-85b5-8c84-037b202b3ac7":"/pages/exams/data.json","eeea6226-0e31-6824-cc33-5ff75e70ff37":"/resources/mit2_96f12_assn01/data.json"}