{
  "course_title":"Management in Engineering",
  "course_description":"This course gives an overview of engineering management and covers topics such as financial principles, management of innovation, technology strategy, and best management practices. The focus of the course is the development of individual skills and team work. This is carried out through an exposure to management tools.\n",
  "site_uid":"50be1b3c-25eb-443d-8e6e-b90b18ed90b0",
  "legacy_uid":"cae1ee39-e483-3a3d-7363-1446b5dedab4","instructors": [{
    "first_name":"Jung-Hoon",
    "last_name":"Chun",
    "middle_initial":"",
    "salutation":"Prof.",
    "title":"Prof. Jung-Hoon Chun"},{
    "first_name":"Henry",
    "last_name":"Marcus",
    "middle_initial":"S.",
    "salutation":"Prof.",
    "title":"Prof. Henry S. Marcus"},{
    "first_name":"Abbott",
    "last_name":"Weiss",
    "middle_initial":"",
    "salutation":"Dr.",
    "title":"Dr. Abbott Weiss"}],"department_numbers":["2","6","10","16"],
  "learning_resource_types":["Exams with Solutions","Lecture Notes","Written Assignments with Examples"],
  "topics":[["Business","Entrepreneurship"],["Business","Project Management"]],
  "primary_course_number":"2.96",
  "extra_course_numbers":"2.961,6.930,10.806,16.653",
  "term":"Fall",
  "year":"2012",
  "level":["Undergraduate"],
  "image_src":"./static_resources/aac891868c06653ecc96bcb25398741c_2-96f12.jpg",
  "course_image_metadata":{"content_type":"resource","description":"Stage-Gate process diagram highlighting a project management technique in which a project is divided into stages or phases that are separated by gates. Figure by Professor Jung-Hoon Chun.","draft":false,"file":"/courses/2-96-management-in-engineering-fall-2012/aac891868c06653ecc96bcb25398741c_2-96f12.jpg","file_size":32046,"file_type":"image/jpeg","image_metadata":{"caption":"Stage-Gate process diagram highlighting a project management technique in which a project is divided into stages or phases that are separated by gates. (Figure by Professor Jung-Hoon Chun.)","credit":"Figure by Professor Jung-Hoon Chun.","image-alt":"A diagram that shows the Stage-Gate process in which a project is divided into stages or phases that are separated by gates."},"iscjklanguage":false,"learning_resource_types":[],"license":"https://creativecommons.org/licenses/by-nc-sa/4.0/","ocw_type":"OCWImage","resourcetype":"Image","title":"2-96f12.jpg","uid":"aac89186-8c06-653e-cc96-bcb25398741c"}}

